future_mse,future_nmse,future_r2,future_cosine,num_train_pairs,num_test_pairs,environment,model,train_samples,test_samples
0.16574886441230774,0.18372835080056935,0.6958873271942139,0.9055944681167603,1800,600,meeting_room,baseline,600,200
0.1338634490966797,0.1488083125330083,0.7603428363800049,0.9238307476043701,1800,600,meeting_room,lejepa,600,200
