future_mse,future_nmse,future_r2,future_cosine,num_train_pairs,num_test_pairs,environment,model,train_samples,test_samples
0.18223285675048828,0.20245948827107796,0.6364700794219971,0.8949059247970581,1800,600,classroom,baseline,600,200
0.15394525229930878,0.17153371752528304,0.6967394351959229,0.9118766188621521,1800,600,classroom,lejepa,600,200
