future_mse,future_nmse,future_r2,future_cosine,num_train_pairs,num_test_pairs,environment,model,train_samples,test_samples
0.1977449357509613,0.21921398657509755,0.6319241523742676,0.8863434791564941,1800,600,empty_room,baseline,600,200
0.1516488641500473,0.16812161219886482,0.740547776222229,0.9137567281723022,1800,600,empty_room,lejepa,600,200
