future_mse,future_nmse,future_r2,future_cosine,num_train_pairs,num_test_pairs,environment,model,train_samples,test_samples
0.18223285675048828,0.20245948827107796,0.6364700794219971,0.8949059247970581,1800,600,classroom,baseline,600,200
0.15394525229930878,0.17153371752528304,0.6967394351959229,0.9118766188621521,1800,600,classroom,lejepa,600,200
0.16574886441230774,0.18372835080056935,0.6958873271942139,0.9055944681167603,1800,600,meeting_room,baseline,600,200
0.1338634490966797,0.1488083125330083,0.7603428363800049,0.9238307476043701,1800,600,meeting_room,lejepa,600,200
0.1977449357509613,0.21921398657509755,0.6319241523742676,0.8863434791564941,1800,600,empty_room,baseline,600,200
0.1516488641500473,0.16812161219886482,0.740547776222229,0.9137567281723022,1800,600,empty_room,lejepa,600,200
